peak_id	chrom	start	end	midpoint	gene_id	gene_name	gene_type	tss	distance_to_tss	abs_distance_to_tss	link_class	atac_delta	atac_fdr
chr3:106345213-106345712	chr3	106345213	106345712	106345462	ENSG00000244652	RP11-93B21.1	processed_pseudogene	106326293	19169	19169	proximal	3.3956168	2.670039772573851e-13
chr3:197317196-197317695	chr3	197317196	197317695	197317445	ENSG00000075711	DLG1	protein_coding	197299300	18145	18145	proximal	2.3583949	1.5077571589934657e-12
chr5:168472310-168472809	chr5	168472310	168472809	168472559	ENSG00000113643	RARS	protein_coding	168486445	-13886	13886	proximal	2.9986444	2.742839553207941e-12
chr20:2237055-2237554	chr20	2237055	2237554	2237304	ENSG00000226644	RP11-128M1.1	lincRNA	2207217	30087	30087	proximal	3.3860266	5.251332524676916e-12
chr2:3492868-3493367	chr2	3492868	3493367	3493117	ENSG00000271868	RP11-1293J14.1	lincRNA	3496956	-3839	3839	proximal	3.482662	9.993137013144996e-11
chr14:98957117-98957616	chr14	98957117	98957616	98957366	ENSG00000232573	RPL3P4	processed_pseudogene	98973301	-15935	15935	proximal	2.8433309	2.476551254502914e-10
chr2:28161476-28161975	chr2	28161476	28161975	28161725	ENSG00000277035	uc_338	misc_RNA	28134585	27140	27140	proximal	1.7808179	3.827366207493667e-09
chr15:75620684-75621183	chr15	75620684	75621183	75620933	ENSG00000260235	CTD-2026K11.3	antisense	75624793	-3860	3860	proximal	2.059968	4.0854900146665654e-09
chr12:75640961-75641460	chr12	75640961	75641460	75641210	ENSG00000257777	RP11-25J3.2	processed_pseudogene	75600047	41163	41163	proximal	2.3093615	4.474584093728433e-09
chr17:62824560-62825059	chr17	62824560	62825059	62824809	ENSG00000264907	SLMO2P3	processed_pseudogene	62841101	-16292	16292	proximal	3.087044	4.474584093728433e-09
chr2:53129834-53130333	chr2	53129834	53130333	53130083	ENSG00000228033	AC010967.2	lincRNA	52910020	220063	220063	distal_unlinked	2.8159108	6.968163271337296e-09
chr17:67531304-67531803	chr17	67531304	67531803	67531553	ENSG00000264754	CTD-2653B5.1	sense_intronic	67524481	7072	7072	proximal	-1.6278143	7.442292853837255e-09
chr20:40506456-40506955	chr20	40506456	40506955	40506705	ENSG00000221201	AL049691.1	miRNA	40372901	133804	133804	distal_unlinked	2.188398	7.478485983292203e-09
chr20:52922953-52923452	chr20	52922953	52923452	52923202	ENSG00000230636	RPL36P1	processed_pseudogene	52890162	33040	33040	proximal	2.4953194	7.998441006724699e-09
chr5:6868181-6868680	chr5	6868181	6868680	6868430	ENSG00000250060	RP11-332J15.2	lincRNA	6868559	-129	129	promoter	-2.6453123	9.322338851339904e-09
chr2:215680924-215681423	chr2	215680924	215681423	215681173	ENSG00000230838	AC093850.2	lincRNA	215718043	-36870	36870	proximal	2.4119337	1.993553412271893e-08
chr11:57426922-57427421	chr11	57426922	57427421	57427171	ENSG00000134802	SLC43A3	protein_coding	57427580	-409	409	promoter	1.7067709	2.023988016675432e-08
chr2:208529846-208530345	chr2	208529846	208530345	208530095	ENSG00000232409	AC019185.3	processed_pseudogene	208516908	13187	13187	proximal	-2.530858	2.023988016675432e-08
chr8:116350695-116351194	chr8	116350695	116351194	116350944	ENSG00000249917	LINC00536	lincRNA	116325059	25885	25885	proximal	2.2206314	2.683190843697605e-08
chr8:135228530-135229029	chr8	135228530	135229029	135228779	ENSG00000254083	RP11-452N4.1	lincRNA	135234131	-5352	5352	proximal	3.0582163	2.759209431140745e-08
chr12:1350234-1350733	chr12	1350234	1350733	1350483	ENSG00000267285	RP5-951N9.2	sense_intronic	1385833	-35350	35350	proximal	1.9655485	2.759209431140745e-08
chr13:27079542-27080041	chr13	27079542	27080041	27079791	ENSG00000278496	RP11-144H23.2	unprocessed_pseudogene	27077218	2573	2573	proximal	1.9138286	3.016733201446124e-08
chr5:135246863-135247362	chr5	135246863	135247362	135247112	ENSG00000249647	C5orf66-AS2	lincRNA	135248179	-1067	1067	promoter	2.6404622	3.016733201446124e-08
chr8:52764253-52764752	chr8	52764253	52764752	52764502	ENSG00000023287	RB1CC1	protein_coding	52745843	18659	18659	proximal	2.3006814	3.140684784011676e-08
chr4:183411516-183412015	chr4	183411516	183412015	183411765	ENSG00000248376	RP11-692E14.1	processed_pseudogene	183419805	-8040	8040	proximal	2.8950233	3.140684784011676e-08
chr8:38659953-38660452	chr8	38659953	38660452	38660202	ENSG00000254321	RP11-495O10.1	lincRNA	38704855	-44653	44653	proximal	2.4124494	3.140684784011676e-08
chr1:153375450-153375949	chr1	153375450	153375949	153375699	ENSG00000163221	S100A12	protein_coding	153375649	50	50	promoter	2.6717181	3.140684784011676e-08
chr5:113489208-113489707	chr5	113489208	113489707	113489457	ENSG00000171444	MCC	protein_coding	113488830	627	627	promoter	3.0136328	3.140684784011676e-08
chr8:96448850-96449349	chr8	96448850	96449349	96449099	ENSG00000202095	RNU6-1172P	snRNA	96431160	17939	17939	proximal	-1.7655234	3.4809867193741025e-08
chr13:110012018-110012517	chr13	110012018	110012517	110012267	ENSG00000276269	RP11-403A3.2	lincRNA	110031567	-19300	19300	proximal	3.0050533	3.6306313870929095e-08
chr17:50289955-50290454	chr17	50289955	50290454	50290204	ENSG00000251179	TMEM92-AS1	antisense	50287855	2349	2349	proximal	1.6599739	5.718633597369926e-08
chr8:142475477-142475976	chr8	142475477	142475976	142475726	ENSG00000181790	BAI1	protein_coding	142449430	26296	26296	proximal	1.9360332	5.718633597369926e-08
chr19:55080082-55080581	chr19	55080082	55080581	55080331	ENSG00000131037	EPS8L1	protein_coding	55072020	8311	8311	proximal	2.779056	6.16147407498981e-08
chr7:151822523-151823022	chr7	151822523	151823022	151822772	ENSG00000242048	RP13-452N2.1	processed_transcript	151806490	16282	16282	proximal	-1.9454136	7.085744514495413e-08
chr12:9673642-9674141	chr12	9673642	9674141	9673891	ENSG00000069493	CLEC2D	protein_coding	9664969	8922	8922	proximal	1.5926838	9.85205559749421e-08
chr7:47786494-47786993	chr7	47786494	47786993	47786743	ENSG00000136275	C7orf69	antisense	47795291	-8548	8548	proximal	1.5990233	9.85205559749421e-08
chr12:65532650-65533149	chr12	65532650	65533149	65532899	ENSG00000255866	RP11-221N13.2	lincRNA	65559591	-26692	26692	proximal	2.5040138	1.3139914792479605e-07
chr4:173494295-173494794	chr4	173494295	173494794	173494544	ENSG00000261646	RP11-489G11.3	lincRNA	173470041	24503	24503	proximal	1.3215947	1.4672736934799274e-07
chr3:141367123-141367622	chr3	141367123	141367622	141367372	ENSG00000249417	RP11-438D8.2	antisense	141367137	235	235	promoter	2.1558244	1.4672736934799274e-07
chr10:57696712-57697211	chr10	57696712	57697211	57696961	ENSG00000235810	RP11-550A9.1	processed_pseudogene	57513157	183804	183804	distal_unlinked	2.119462	1.4687710804053846e-07
chr11:8022243-8022742	chr11	8022243	8022742	8022492	ENSG00000166402	TUB	protein_coding	8019244	3248	3248	proximal	-2.6752331	1.492660517422218e-07
chr12:65631588-65632087	chr12	65631588	65632087	65631837	ENSG00000250748	RP11-230G5.2	lincRNA	65642372	-10535	10535	proximal	2.3813453	1.777731956994449e-07
chr9:127973440-127973939	chr9	127973440	127973939	127973689	ENSG00000167106	FAM102A	protein_coding	127980513	-6824	6824	proximal	-1.3827575	1.802077044240864e-07
chr12:99455315-99455814	chr12	99455315	99455814	99455564	ENSG00000180219	FAM71C	protein_coding	99647753	-192189	192189	distal_unlinked	2.2556558	1.802077044240864e-07
chr6:21946277-21946776	chr6	21946277	21946776	21946526	ENSG00000280443	RP4-551N11.1	TEC	21822536	123990	123990	distal_unlinked	2.7021816	1.9040839353695607e-07
chr16:2835657-2836156	chr16	2835657	2836156	2835906	ENSG00000162078	ZG16B	protein_coding	2830169	5737	5737	proximal	2.678572	1.916416970274185e-07
chr5:171367305-171367804	chr5	171367305	171367804	171367554	ENSG00000254012	RP11-546B8.5	processed_pseudogene	171366299	1255	1255	promoter	2.1616359	1.9757803016165653e-07
chr12:103780045-103780544	chr12	103780045	103780544	103780294	ENSG00000257681	RP11-341G23.4	antisense	103768858	11436	11436	proximal	1.5798984	1.99685089155945e-07
chr6:167667920-167668419	chr6	167667920	167668419	167668169	ENSG00000272549	RP11-351J23.2	lincRNA	167679270	-11101	11101	proximal	-2.6413364	1.99685089155945e-07
chr13:110017363-110017862	chr13	110017363	110017862	110017612	ENSG00000276269	RP11-403A3.2	lincRNA	110031567	-13955	13955	proximal	2.3303163	2.079420494604064e-07
chr8:116574725-116575224	chr8	116574725	116575224	116574974	ENSG00000253672	RP11-536K17.1	lincRNA	116403757	171217	171217	distal_unlinked	1.8642344	2.079420494604064e-07
chr9:113558954-113559453	chr9	113558954	113559453	113559203	ENSG00000237073	RP11-168K11.2	antisense	113590019	-30816	30816	proximal	-1.2479866	2.079420494604064e-07
chr10:117461715-117462214	chr10	117461715	117462214	117461964	ENSG00000258114	CTA-109P11.4	lincRNA	117425194	36770	36770	proximal	2.589311	2.1079018708240698e-07
chr8:101180904-101181403	chr8	101180904	101181403	101181153	ENSG00000261087	KB-1460A1.5	lincRNA	101169629	11524	11524	proximal	1.9159341	2.1079018708240698e-07
chr15:70795269-70795768	chr15	70795269	70795768	70795518	ENSG00000259452	RP11-138H8.4	processed_pseudogene	70791013	4505	4505	proximal	2.1367087	2.1545448972754518e-07
chr2:101989034-101989533	chr2	101989034	101989533	101989283	ENSG00000115590	IL1R2	protein_coding	101991844	-2561	2561	proximal	1.7910593	2.272758176779687e-07
chr22:18110115-18110614	chr22	18110115	18110614	18110364	ENSG00000183785	TUBA8	protein_coding	18110331	33	33	promoter	-1.524895	2.272758176779687e-07
chr2:47043522-47044021	chr2	47043522	47044021	47043771	ENSG00000233845	AC093732.1	antisense	47040524	3247	3247	proximal	1.8107785	2.5081994770433244e-07
chr7:98400940-98401439	chr7	98400940	98401439	98401189	ENSG00000006453	BAIAP2L1	protein_coding	98401068	121	121	promoter	1.7861836	2.533414078508915e-07
chr20:50335033-50335532	chr20	50335033	50335532	50335282	ENSG00000233077	LINC01271	lincRNA	50321342	13940	13940	proximal	1.7212842	2.533414078508915e-07
chr2:172329627-172330126	chr2	172329627	172330126	172329876	ENSG00000232555	AC104088.1	lincRNA	172315287	14589	14589	proximal	-1.8784544	2.544543241152925e-07
chr15:26686481-26686980	chr15	26686481	26686980	26686730	ENSG00000235518	AC011196.3	lincRNA	26658763	27967	27967	proximal	-2.5352628	2.5847996915745285e-07
chr21:34705046-34705545	chr21	34705046	34705545	34705295	ENSG00000230978	LINC00160	lincRNA	34737181	-31886	31886	proximal	2.2057133	2.6092603822151655e-07
chr12:91098842-91099341	chr12	91098842	91099341	91099091	ENSG00000139329	LUM	protein_coding	91111831	-12740	12740	proximal	2.2155383	2.6092603822151655e-07
chr11:26947494-26947993	chr11	26947494	26947993	26947743	ENSG00000176971	FIBIN	protein_coding	26994184	-46441	46441	proximal	2.121389	2.6092603822151655e-07
chr11:115941368-115941867	chr11	115941368	115941867	115941617	ENSG00000281717	AP000797.5	miRNA	115938824	2793	2793	proximal	2.9566567	2.6092603822151655e-07
chr2:230793931-230794430	chr2	230793931	230794430	230794180	ENSG00000201044	RNU6-268P	snRNA	230752141	42039	42039	proximal	1.5554702	2.674555297628549e-07
chr19:7871890-7872389	chr19	7871890	7872389	7872139	ENSG00000268120	CTD-3193O13.11	lincRNA	7870561	1578	1578	promoter	2.7307353	2.8721987424173e-07
chr4:173491080-173491579	chr4	173491080	173491579	173491329	ENSG00000261646	RP11-489G11.3	lincRNA	173470041	21288	21288	proximal	1.8974488	3.203638465006297e-07
chr2:191486864-191487363	chr2	191486864	191487363	191487113	ENSG00000275235	AC068056.1	miRNA	191451092	36021	36021	proximal	1.4304624	3.203638465006297e-07
chr19:47428145-47428644	chr19	47428145	47428644	47428394	ENSG00000105419	MEIS3	protein_coding	47419523	8871	8871	proximal	2.4544773	3.359753753193196e-07
chr19:47075894-47076393	chr19	47075894	47076393	47076143	ENSG00000130748	TMEM160	protein_coding	47048630	27513	27513	proximal	-2.1411366	3.359753753193196e-07
chr2:130727463-130727962	chr2	130727463	130727962	130727712	ENSG00000173302	GPR148	protein_coding	130729070	-1358	1358	promoter	2.37411	3.4186120033134095e-07
chr12:99911026-99911525	chr12	99911026	99911525	99911275	ENSG00000277393	AC078916.1	miRNA	99884046	27229	27229	proximal	2.754483	3.4790918050845814e-07
chr7:130356227-130356726	chr7	130356227	130356726	130356476	ENSG00000158525	CPA5	protein_coding	130344816	11660	11660	proximal	2.395334	3.4790918050845814e-07
chr5:116491940-116492439	chr5	116491940	116492439	116492189	ENSG00000248445	SEMA6A-AS1	antisense	116447547	44642	44642	proximal	1.8752482	3.560854029481188e-07
chr10:133159780-133160279	chr10	133159780	133160279	133160029	ENSG00000171798	KNDC1	protein_coding	133160447	-418	418	promoter	2.6065373	3.560854029481188e-07
chr6:80128385-80128884	chr6	80128385	80128884	80128634	ENSG00000083123	BCKDHB	protein_coding	80106647	21987	21987	proximal	1.7910321	3.5792559558128053e-07
chr14:90510100-90510599	chr14	90510100	90510599	90510349	ENSG00000259789	RP11-1078H9.6	lincRNA	90491637	18712	18712	proximal	-2.5227818	3.655247028237048e-07
chr6:52424060-52424559	chr6	52424060	52424559	52424309	ENSG00000096093	EFHC1	protein_coding	52420308	4001	4001	proximal	1.9740491	3.655247028237048e-07
chr1:202235784-202236283	chr1	202235784	202236283	202236033	ENSG00000133067	LGR6	protein_coding	202193901	42132	42132	proximal	2.1772308	3.655247028237048e-07
chr17:19720808-19721307	chr17	19720808	19721307	19721057	ENSG00000262681	RP11-311F12.1	lincRNA	19719059	1998	1998	promoter	-1.9286458	3.655247028237048e-07
chr12:104177541-104178040	chr12	104177541	104178040	104177790	ENSG00000257193	RP11-818F20.4	lincRNA	104170395	7395	7395	proximal	2.3647797	3.655247028237048e-07
chr12:123089606-123090105	chr12	123089606	123090105	123089855	ENSG00000280381	RP11-197N18.8	TEC	123092821	-2966	2966	proximal	2.2656598	3.655247028237048e-07
chr15:40289338-40289837	chr15	40289338	40289837	40289587	ENSG00000273855	RP11-133K1.12	sense_intronic	40285909	3678	3678	proximal	-1.626783	3.715962841034567e-07
chr21:43928254-43928753	chr21	43928254	43928753	43928503	ENSG00000199598	RNU6-859P	snRNA	43919901	8602	8602	proximal	-2.1952376	3.743840177100869e-07
chr17:42900299-42900798	chr17	42900299	42900798	42900548	ENSG00000131482	G6PC	protein_coding	42900797	-249	249	promoter	-1.6923072	3.9390774518731973e-07
chr19:15123862-15124361	chr19	15123862	15124361	15124111	ENSG00000268564	AC003956.1	antisense	15124160	-49	49	promoter	-1.4910958	4.243824790962649e-07
chr16:66618510-66619009	chr16	66618510	66619009	66618759	ENSG00000140931	CMTM3	protein_coding	66603874	14885	14885	proximal	2.2591248	4.376458287749917e-07
chr7:130357023-130357522	chr7	130357023	130357522	130357272	ENSG00000158525	CPA5	protein_coding	130344816	12456	12456	proximal	1.921757	4.376458287749917e-07
chr20:50333753-50334252	chr20	50333753	50334252	50334002	ENSG00000233077	LINC01271	lincRNA	50321342	12660	12660	proximal	2.1941285	4.376458287749917e-07
chr12:6372368-6372867	chr12	6372368	6372867	6372617	ENSG00000111321	LTBR	protein_coding	6375045	-2428	2428	proximal	1.3999903	4.4530592371980245e-07
chr11:57434538-57435037	chr11	57434538	57435037	57434787	ENSG00000134802	SLC43A3	protein_coding	57427580	7207	7207	proximal	1.9438119	4.741493199084006e-07
chr15:78934164-78934663	chr15	78934164	78934663	78934413	ENSG00000103811	CTSH	protein_coding	78949574	-15161	15161	proximal	-1.7177753	4.882930414856305e-07
chr5:159341780-159342279	chr5	159341780	159342279	159342029	ENSG00000113302	IL12B	protein_coding	159330887	11142	11142	proximal	1.2780658	4.882930414856305e-07
chr1:23377303-23377802	chr1	23377303	23377802	23377552	ENSG00000271420	RP5-1057J7.7	lincRNA	23379029	-1477	1477	promoter	1.5456815	4.938074854956383e-07
chr1:214427821-214428320	chr1	214427821	214428320	214428070	ENSG00000213036	RP11-365D23.4	processed_pseudogene	214483387	-55317	55317	distal_unlinked	2.1528645	4.938074854956383e-07
chr12:99157878-99158377	chr12	99157878	99158377	99158127	ENSG00000258039	RP11-406H4.1	antisense	99093359	64768	64768	distal_unlinked	2.0743146	5.129324809998236e-07
chr21:45525208-45525707	chr21	45525208	45525707	45525457	ENSG00000173638	SLC19A1	protein_coding	45544411	-18954	18954	proximal	-2.080585	5.129324809998236e-07
chr1:48026243-48026742	chr1	48026243	48026742	48026492	ENSG00000226133	RP4-683M8.2	lincRNA	48053545	-27053	27053	proximal	2.2965746	5.129324809998236e-07
chr17:4575667-4576166	chr17	4575667	4576166	4575916	ENSG00000262519	TXNP4	processed_pseudogene	4572206	3710	3710	proximal	-2.303397	5.232809225278047e-07
chr17:62778932-62779431	chr17	62778932	62779431	62779181	ENSG00000173838	MARCH10	protein_coding	62808344	-29163	29163	proximal	2.4558852	5.232809225278047e-07
chr6:136351676-136352175	chr6	136351676	136352175	136351925	ENSG00000276943	AL023284.1	miRNA	136343249	8676	8676	proximal	-2.5628943	5.325774656566926e-07
chr5:71601597-71602096	chr5	71601597	71602096	71601846	ENSG00000280673	AC143336.1	miRNA	71615084	-13238	13238	proximal	1.6788625	5.370793251648803e-07
chr2:9819990-9820489	chr2	9819990	9820489	9820239	ENSG00000115750	TAF1B	protein_coding	9843354	-23115	23115	proximal	3.3222368	5.480990313000422e-07
chr4:184810656-184811155	chr4	184810656	184811155	184810905	ENSG00000251139	RP11-701P16.2	antisense	184813619	-2714	2714	proximal	-1.747338	5.57915912855623e-07
chr19:7871231-7871730	chr19	7871231	7871730	7871480	ENSG00000268120	CTD-3193O13.11	lincRNA	7870561	919	919	promoter	2.4449499	5.845679163260817e-07
chr7:120052941-120053440	chr7	120052941	120053440	120053190	ENSG00000276899	AC004915.1	miRNA	120009701	43489	43489	proximal	2.827959	6.122315891904729e-07
chr9:137007697-137008196	chr9	137007697	137008196	137007946	ENSG00000169583	CLIC3	protein_coding	136996803	11143	11143	proximal	-2.3768542	6.209238261198094e-07
chr13:44815638-44816137	chr13	44815638	44816137	44815887	ENSG00000235097	LINC00330	lincRNA	44809630	6257	6257	proximal	2.173481	6.721915749354547e-07
chr10:5573320-5573819	chr10	5573320	5573819	5573569	ENSG00000242147	RP13-463N16.6	lincRNA	5596118	-22549	22549	proximal	-2.1241071	6.79447568474404e-07
chr12:51752431-51752930	chr12	51752431	51752930	51752680	ENSG00000257851	HNRNPA3P10	processed_pseudogene	51713606	39074	39074	proximal	1.6402786	6.79447568474404e-07
chr4:128371108-128371607	chr4	128371108	128371607	128371357	ENSG00000251432	RP11-420A23.1	lincRNA	128292751	78606	78606	distal_unlinked	2.2485828	6.811380860362096e-07
chr21:34704126-34704625	chr21	34704126	34704625	34704375	ENSG00000230978	LINC00160	lincRNA	34737181	-32806	32806	proximal	2.4284282	6.904069563843297e-07
chr21:34881782-34882281	chr21	34881782	34882281	34882031	ENSG00000234380	LINC01426	antisense	34745757	136274	136274	distal_unlinked	1.6140671	6.904069563843297e-07
chr4:5730826-5731325	chr4	5730826	5731325	5731075	ENSG00000072840	EVC	protein_coding	5711197	19878	19878	proximal	-2.7003617	7.032953953839687e-07
chr15:80955758-80956257	chr15	80955758	80956257	80956007	ENSG00000259546	RP11-351M8.2	antisense	80948867	7140	7140	proximal	1.8873632	7.032953953839687e-07
chr8:66535630-66536129	chr8	66535630	66536129	66535879	ENSG00000206949	RNU6-1324P	snRNA	66501311	34568	34568	proximal	1.5359726	7.048359087995689e-07
chr2:168167183-168167682	chr2	168167183	168167682	168167432	ENSG00000238259	AC067940.1	processed_pseudogene	168232220	-64788	64788	distal_unlinked	2.4782395	7.048359087995689e-07
chr7:91249814-91250313	chr7	91249814	91250313	91250063	ENSG00000157240	FZD1	protein_coding	91264364	-14301	14301	proximal	2.109967	7.221276750732846e-07
chr4:73917140-73917639	chr4	73917140	73917639	73917389	ENSG00000249920	HNRNPA1P55	processed_pseudogene	73939558	-22169	22169	proximal	2.284741	7.83656273087433e-07
chr4:37392504-37393003	chr4	37392504	37393003	37392753	ENSG00000154274	C4orf19	protein_coding	37453941	-61188	61188	distal_unlinked	-1.5422467	8.123508016013978e-07
chr5:1099957-1100456	chr5	1099957	1100456	1100206	ENSG00000113504	SLC12A7	protein_coding	1112035	-11829	11829	proximal	-1.6627744	8.281896681066978e-07
chr1:119101569-119102068	chr1	119101569	119102068	119101818	ENSG00000223575	RBMX2P3	processed_pseudogene	119085954	15864	15864	proximal	2.3173347	8.292540214762667e-07
chr5:136032476-136032975	chr5	136032476	136032975	136032725	ENSG00000120708	TGFBI	protein_coding	136028895	3830	3830	proximal	2.036682	8.315579293165827e-07
chr8:101098442-101098941	chr8	101098442	101098941	101098691	ENSG00000253395	KB-1460A1.1	lincRNA	101126158	-27467	27467	proximal	1.7679756	8.932224946950821e-07
chr2:203804076-203804575	chr2	203804076	203804575	203804325	ENSG00000206970	RNU6-474P	snRNA	203782037	22288	22288	proximal	2.3973064	8.960457154221294e-07
chr17:62819723-62820222	chr17	62819723	62820222	62819972	ENSG00000265000	RP11-453A12.1	lincRNA	62808500	11472	11472	proximal	2.041381	9.92447193455655e-07
chr5:1555315-1555814	chr5	1555315	1555814	1555564	ENSG00000251532	CTD-2245E15.3	lincRNA	1551710	3854	3854	proximal	2.843445	1.003600329135396e-06
chr4:15527146-15527645	chr4	15527146	15527645	15527395	ENSG00000249930	AC007016.3	processed_pseudogene	15492972	34423	34423	proximal	-1.9501874	1.0813671461928994e-06
chr6:42315936-42316435	chr6	42315936	42316435	42316185	ENSG00000048544	MRPS10	protein_coding	42217865	98320	98320	distal_unlinked	1.4821815	1.1725547475434547e-06
chr7:46786017-46786516	chr7	46786017	46786516	46786266	ENSG00000242948	EPS15P1	transcribed_processed_pseudogene	46781373	4893	4893	proximal	2.4302077	1.1725547475434547e-06
chr1:230084505-230085004	chr1	230084505	230085004	230084754	ENSG00000143641	GALNT2	protein_coding	230057990	26764	26764	proximal	1.7019503	1.1725547475434547e-06
chr19:55452875-55453374	chr19	55452875	55453374	55453124	ENSG00000063241	ISOC2	protein_coding	55462343	-9219	9219	proximal	1.8380209	1.2312436699912777e-06
chr5:136028647-136029146	chr5	136028647	136029146	136028896	ENSG00000120708	TGFBI	protein_coding	136028895	1	1	promoter	1.8536983	1.2312436699912777e-06
chr9:15279010-15279509	chr9	15279010	15279509	15279259	ENSG00000155158	TTC39B	protein_coding	15307360	-28101	28101	proximal	-1.5639598	1.253154804231807e-06
chr5:159981667-159982166	chr5	159981667	159982166	159981916	ENSG00000199398	Y_RNA	misc_RNA	160008445	-26529	26529	proximal	2.548195	1.262622730797144e-06
chr8:116444739-116445238	chr8	116444739	116445238	116444988	ENSG00000253672	RP11-536K17.1	lincRNA	116403757	41231	41231	proximal	1.9425403	1.3491386797649234e-06
chr6:42088070-42088569	chr6	42088070	42088569	42088319	ENSG00000261068	RP11-7K24.3	lincRNA	42094259	-5940	5940	proximal	1.9982395	1.3506775283096088e-06
chr7:46930261-46930760	chr7	46930261	46930760	46930510	ENSG00000223829	AC004870.4	processed_transcript	46969702	-39192	39192	proximal	2.5822148	1.3706590072630091e-06
chr2:145693123-145693622	chr2	145693123	145693622	145693372	ENSG00000226218	AC079163.1	lincRNA	145603423	89949	89949	distal_unlinked	2.613883	1.41699996161934e-06
chr5:27241791-27242290	chr5	27241791	27242290	27242040	ENSG00000113100	CDH9	protein_coding	27121150	120890	120890	distal_unlinked	2.6253438	1.41699996161934e-06
chr7:13945495-13945994	chr7	13945495	13945994	13945744	ENSG00000006468	ETV1	protein_coding	13991425	-45681	45681	proximal	2.561267	1.4197384810550452e-06
chr9:95134543-95135042	chr9	95134543	95135042	95134792	ENSG00000251884	RNA5SP288	rRNA	95142541	-7749	7749	proximal	-2.0201602	1.4216779585528162e-06
chr22:17851691-17852190	chr22	17851691	17852190	17851940	ENSG00000093100	XXbac-B461K10.4	processed_transcript	17811497	40443	40443	proximal	-2.6583085	1.429354508074622e-06
chr5:57482593-57483092	chr5	57482593	57483092	57482842	ENSG00000169067	ACTBL2	protein_coding	57482809	33	33	promoter	2.2709486	1.431676963211451e-06
chr2:236730377-236730876	chr2	236730377	236730876	236730626	ENSG00000232328	AC011286.1	lincRNA	236733382	-2756	2756	proximal	-2.0022693	1.4418612504310144e-06
chr18:63758575-63759074	chr18	63758575	63759074	63758824	ENSG00000166396	SERPINB7	protein_coding	63752935	5889	5889	proximal	-1.9034054	1.4501190076101154e-06
chr17:4496870-4497369	chr17	4496870	4497369	4497119	ENSG00000183018	SPNS2	protein_coding	4498838	-1719	1719	promoter	-1.1867719	1.4501190076101154e-06
chr21:34836581-34837080	chr21	34836581	34837080	34836830	ENSG00000234380	LINC01426	antisense	34745757	91073	91073	distal_unlinked	1.7420695	1.4501190076101154e-06
chr22:16543336-16543835	chr22	16543336	16543835	16543585	ENSG00000273362	KB-67B5.17	lincRNA	16521059	22526	22526	proximal	2.061509	1.4604814881121336e-06
chr5:180353194-180353693	chr5	180353194	180353693	180353443	ENSG00000131459	GFPT2	protein_coding	180353387	56	56	promoter	1.6265438	1.4604814881121336e-06
chr16:77212819-77213318	chr16	77212819	77213318	77213068	ENSG00000226348	VN2R10P	unitary_pseudogene	77220406	-7338	7338	proximal	1.5076923	1.4604814881121336e-06
chr7:32680679-32681178	chr7	32680679	32681178	32680928	ENSG00000237004	ZNRF2P1	processed_pseudogene	32728569	-47641	47641	proximal	3.4997346	1.4604814881121336e-06
chr8:22560843-22561342	chr8	22560843	22561342	22561092	ENSG00000254230	RP11-582J16.3	antisense	22567171	-6079	6079	proximal	1.8124976	1.5769563285110756e-06
chr1:204345416-204345915	chr1	204345416	204345915	204345665	ENSG00000219133	RP11-203F10.6	processed_pseudogene	204347258	-1593	1593	promoter	-1.668319	1.655069438166734e-06
chr7:76297262-76297761	chr7	76297262	76297761	76297511	ENSG00000106211	HSPB1	protein_coding	76302544	-5033	5033	proximal	2.1914427	1.6660576861421415e-06
chr7:25857831-25858330	chr7	25857831	25858330	25858080	ENSG00000270933	CTD-2227E11.1	lincRNA	25949403	-91323	91323	distal_unlinked	1.3749948	1.7853592908898348e-06
chr2:109285340-109285839	chr2	109285340	109285839	109285589	ENSG00000265965	MIR4266	miRNA	109313625	-28036	28036	proximal	-2.2043705	1.7943607648795443e-06
chrX:153226391-153226890	chrX	153226391	153226890	153226640	ENSG00000273877	RP11-635O16.2	lincRNA	153225649	991	991	promoter	2.9527261	1.7943607648795443e-06
chr3:72891011-72891510	chr3	72891011	72891510	72891260	ENSG00000172986	GXYLT2	protein_coding	72888073	3187	3187	proximal	2.7290082	1.86986391097286e-06
chr13:76852857-76853356	chr13	76852857	76853356	76853106	ENSG00000178695	KCTD12	protein_coding	76886390	-33284	33284	proximal	1.9689381	1.86986391097286e-06
chr2:109188520-109189019	chr2	109188520	109189019	109188769	ENSG00000264934	MIR4265	miRNA	109141588	47181	47181	proximal	-1.9359882	1.8823507984811984e-06
chr2:208529327-208529826	chr2	208529327	208529826	208529576	ENSG00000232409	AC019185.3	processed_pseudogene	208516908	12668	12668	proximal	-1.777628	1.8944303303381857e-06
chr5:136029416-136029915	chr5	136029416	136029915	136029665	ENSG00000120708	TGFBI	protein_coding	136028895	770	770	promoter	1.3186576	1.944789636190845e-06
chr21:34771463-34771962	chr21	34771463	34771962	34771712	ENSG00000234380	LINC01426	antisense	34745757	25955	25955	proximal	2.1741781	1.966750916706103e-06
chr14:31927445-31927944	chr14	31927445	31927944	31927694	ENSG00000257472	RP11-159D23.2	lincRNA	31930146	-2452	2452	proximal	-1.1355786	1.966750916706103e-06
chr1:23188829-23189328	chr1	23188829	23189328	23189078	ENSG00000179546	HTR1D	protein_coding	23194729	-5651	5651	proximal	1.8591794	1.966750916706103e-06
chr22:16901579-16902078	chr22	16901579	16902078	16901828	ENSG00000230481	IGKV1OR22-5	IG_V_pseudogene	16904696	-2868	2868	proximal	1.9258049	1.9755062769709144e-06
chr3:197309981-197310480	chr3	197309981	197310480	197310230	ENSG00000075711	DLG1	protein_coding	197299300	10930	10930	proximal	1.6011674	1.9755062769709144e-06
chr12:53496232-53496731	chr12	53496232	53496731	53496481	ENSG00000139625	MAP3K12	protein_coding	53500063	-3582	3582	proximal	1.5888886	1.9755062769709144e-06
chr16:77212031-77212530	chr16	77212031	77212530	77212280	ENSG00000226348	VN2R10P	unitary_pseudogene	77220406	-8126	8126	proximal	1.4230111	1.9755062769709144e-06
chr5:160260898-160261397	chr5	160260898	160261397	160261147	ENSG00000254373	RP11-34P1.2	processed_pseudogene	160258253	2894	2894	proximal	-2.1377943	1.9841583249721486e-06
chr20:40565003-40565502	chr20	40565003	40565502	40565252	ENSG00000204103	MAFB	protein_coding	40689240	-123988	123988	distal_unlinked	2.2144573	1.9992225741761505e-06
chr2:101989715-101990214	chr2	101989715	101990214	101989964	ENSG00000115590	IL1R2	protein_coding	101991844	-1880	1880	promoter	1.704587	2.001545012619843e-06
chr11:34302307-34302806	chr11	34302307	34302806	34302556	ENSG00000254708	RP1-145M24.1	processed_pseudogene	34336003	-33447	33447	proximal	2.0075068	2.021314577481682e-06
chr14:98953483-98953982	chr14	98953483	98953982	98953732	ENSG00000232573	RPL3P4	processed_pseudogene	98973301	-19569	19569	proximal	2.307618	2.021314577481682e-06
chr15:70505462-70505961	chr15	70505462	70505961	70505711	ENSG00000259473	RP11-96C21.1	lincRNA	70505928	-217	217	promoter	1.866843	2.021314577481682e-06
chr18:54776178-54776677	chr18	54776178	54776677	54776427	ENSG00000267524	RPSAP57	processed_pseudogene	54744750	31677	31677	proximal	1.7695487	2.042444800832995e-06
chr22:35749768-35750267	chr22	35749768	35750267	35750017	ENSG00000128313	APOL5	protein_coding	35717872	32145	32145	proximal	2.4184139	2.1062262448471564e-06
chr16:88332994-88333493	chr16	88332994	88333493	88333243	ENSG00000225614	ZNF469	protein_coding	88427471	-94228	94228	distal_unlinked	1.8443373	2.1062262448471564e-06
chr6:100202580-100203079	chr6	100202580	100203079	100202829	ENSG00000216378	RP3-344J20.1	processed_pseudogene	100177209	25620	25620	proximal	2.5884917	2.1062262448471564e-06
chr14:24061406-24061905	chr14	24061406	24061905	24061655	ENSG00000100884	CPNE6	protein_coding	24070837	-9182	9182	proximal	-1.9361517	2.2008727602713947e-06
chr11:115941892-115942391	chr11	115941892	115942391	115942141	ENSG00000281717	AP000797.5	miRNA	115938824	3317	3317	proximal	2.5195413	2.204760886982003e-06
chr20:46350382-46350881	chr20	46350382	46350881	46350631	ENSG00000080189	SLC35C2	protein_coding	46364458	-13827	13827	proximal	1.8893859	2.2293888805234804e-06
chr11:30990884-30991383	chr11	30990884	30991383	30991133	ENSG00000221629	AL162614.1	miRNA	31205759	-214626	214626	distal_unlinked	2.4428084	2.2293888805234804e-06
chr7:158811393-158811892	chr7	158811393	158811892	158811642	ENSG00000117868	ESYT2	protein_coding	158830253	-18611	18611	proximal	1.6090508	2.232466775770368e-06
chr17:67546391-67546890	chr17	67546391	67546890	67546640	ENSG00000264754	CTD-2653B5.1	sense_intronic	67524481	22159	22159	proximal	-1.7114574	2.292655750426508e-06
chr20:45780670-45781169	chr20	45780670	45781169	45780919	ENSG00000221046	RNU6ATAC38P	snRNA	45778698	2221	2221	proximal	1.8326502	2.292655750426508e-06
chr13:109256952-109257451	chr13	109256952	109257451	109257201	ENSG00000275216	RP11-54H7.4	lincRNA	109269634	-12433	12433	proximal	2.5721002	2.292655750426508e-06
chr8:103344750-103345249	chr8	103344750	103345249	103344999	ENSG00000164932	CTHRC1	protein_coding	103371515	-26516	26516	proximal	1.8735247	2.292655750426508e-06
chr18:57737610-57738109	chr18	57737610	57738109	57737859	ENSG00000202159	RNU6-742P	snRNA	57755394	-17535	17535	proximal	1.513197	2.3076213547718464e-06
chr14:93941578-93942077	chr14	93941578	93942077	93941827	ENSG00000258987	RP11-131H24.4	antisense	93939555	2272	2272	proximal	1.9961758	2.3076213547718464e-06
chr1:171434607-171435106	chr1	171434607	171435106	171434856	ENSG00000234333	CYCSP53	processed_pseudogene	171444963	-10107	10107	proximal	1.3474714	2.3076213547718464e-06
chr5:107396647-107397146	chr5	107396647	107397146	107396896	ENSG00000250273	PSMC1P5	processed_pseudogene	107195156	201740	201740	distal_unlinked	1.5317525	2.3076213547718464e-06
chr20:45061220-45061719	chr20	45061220	45061719	45061469	ENSG00000124134	KCNS1	protein_coding	45101112	-39643	39643	proximal	1.9333309	2.397945382422478e-06
chr19:45632466-45632965	chr19	45632466	45632965	45632715	ENSG00000199066	MIR330	miRNA	45639087	-6372	6372	proximal	1.917568	2.4495460822058266e-06
chr10:102455766-102456265	chr10	102455766	102456265	102456015	ENSG00000120055	C10orf95	lincRNA	102451543	4472	4472	proximal	1.7121172	2.4495460822058266e-06
chr3:158168036-158168535	chr3	158168036	158168535	158168285	ENSG00000168779	SHOX2	protein_coding	158106503	61782	61782	distal_unlinked	1.601053	2.459367735150374e-06
chr9:137437592-137438091	chr9	137437592	137438091	137437841	ENSG00000188833	ENTPD8	protein_coding	137441816	-3975	3975	proximal	-1.4259074	2.508669696356933e-06
chr9:129473813-129474312	chr9	129473813	129474312	129474062	ENSG00000264298	AL353803.1	miRNA	129478556	-4494	4494	proximal	-1.2223184	2.532765971428063e-06
chr3:52670778-52671277	chr3	52670778	52671277	52671027	ENSG00000163938	GNL3	protein_coding	52681156	-10129	10129	proximal	2.146073	2.58238720592855e-06
chr6:160696810-160697309	chr6	160696810	160697309	160697059	ENSG00000224477	RP1-81D8.3	lincRNA	160698288	-1229	1229	promoter	-2.5600135	2.6212371733254293e-06
chr7:130144227-130144726	chr7	130144227	130144726	130144476	ENSG00000229196	RP11-775D22.2	antisense	130141731	2745	2745	proximal	1.6708171	2.6212371733254293e-06
chr11:123174632-123175131	chr11	123174632	123175131	123174881	ENSG00000254710	CTD-2216M2.1	antisense	123188802	-13921	13921	proximal	2.1633878	2.631898376886221e-06
chr11:44574547-44575046	chr11	44574547	44575046	44574796	ENSG00000085117	CD82	protein_coding	44564427	10369	10369	proximal	1.7828736	2.643941693136753e-06
chr7:1080268-1080767	chr7	1080268	1080767	1080517	ENSG00000226291	AC091729.8	antisense	1080863	-346	346	promoter	-2.3709311	2.7722890616216643e-06
chr12:62625148-62625647	chr12	62625148	62625647	62625397	ENSG00000275180	RP11-631N16.4	lincRNA	62603909	21488	21488	proximal	1.9988207	2.8377284290744017e-06
chr12:64101444-64101943	chr12	64101444	64101943	64101693	ENSG00000255886	RP11-196H14.2	antisense	64097618	4075	4075	proximal	2.0539289	2.8377284290744017e-06
chr7:130352568-130353067	chr7	130352568	130353067	130352817	ENSG00000158525	CPA5	protein_coding	130344816	8001	8001	proximal	1.8575141	2.902942366980846e-06
chr1:98324044-98324543	chr1	98324044	98324543	98324293	ENSG00000221777	AL160056.1	miRNA	98373385	-49092	49092	proximal	1.7012527	2.9501795316202684e-06
chr10:33237903-33238402	chr10	33237903	33238402	33238152	ENSG00000238258	RP11-342D11.2	antisense	33211277	26875	26875	proximal	1.8323627	3.0071439126232333e-06
chr4:53508282-53508781	chr4	53508282	53508781	53508531	ENSG00000250930	LNX1-AS1	antisense	53496400	12131	12131	proximal	1.8230367	3.10561106316577e-06
chr10:57703721-57704220	chr10	57703721	57704220	57703970	ENSG00000235810	RP11-550A9.1	processed_pseudogene	57513157	190813	190813	distal_unlinked	1.7372208	3.1665067238546965e-06
chr7:134368779-134369278	chr7	134368779	134369278	134369028	ENSG00000229177	AC008154.5	lincRNA	134350791	18237	18237	proximal	2.3260326	3.1801930781211763e-06
chr11:130772468-130772967	chr11	130772468	130772967	130772717	ENSG00000255352	PPP1R10P1	processed_pseudogene	130791025	-18308	18308	proximal	1.9750825	3.2122545628058827e-06
chr8:27334496-27334995	chr8	27334496	27334995	27334745	ENSG00000120899	PTK2B	protein_coding	27311482	23263	23263	proximal	1.6400795	3.2122545628058827e-06
chr14:23951781-23952280	chr14	23951781	23952280	23952030	ENSG00000157326	DHRS4	protein_coding	23953586	-1556	1556	promoter	-1.7837917	3.2125640649360854e-06
chr6:3209081-3209580	chr6	3209081	3209580	3209330	ENSG00000230269	RP1-40E16.9	lincRNA	3195756	13574	13574	proximal	2.1878486	3.230671122887132e-06
chr11:34653965-34654464	chr11	34653965	34654464	34654214	ENSG00000135373	EHF	protein_coding	34621093	33121	33121	proximal	2.8114097	3.2327565665503266e-06
chr9:38380984-38381483	chr9	38380984	38381483	38381233	ENSG00000137124	ALDH1B1	protein_coding	38392664	-11431	11431	proximal	-1.8565501	3.2371289594488826e-06
chr9:137055033-137055532	chr9	137055033	137055532	137055282	ENSG00000054179	ENTPD2	protein_coding	137054045	1237	1237	promoter	-1.1892776	3.2731432112227428e-06
chr17:59370594-59371093	chr17	59370594	59371093	59370843	ENSG00000263857	MIR4729	miRNA	59366083	4760	4760	proximal	-1.2699049	3.2731432112227428e-06
chr3:123605003-123605502	chr3	123605003	123605502	123605252	ENSG00000239523	MYLK-AS1	antisense	123585542	19710	19710	proximal	2.1039531	3.2976738512903992e-06
chr14:104792008-104792507	chr14	104792008	104792507	104792257	ENSG00000142208	AKT1	protein_coding	104795751	-3494	3494	proximal	-1.9536426	3.299016152637086e-06
chr22:50490866-50491365	chr22	50490866	50491365	50491115	ENSG00000100253	MIOX	protein_coding	50486784	4331	4331	proximal	-1.8978364	3.3021242199824536e-06
chr1:235908741-235909240	chr1	235908741	235909240	235908990	ENSG00000206803	RNU6-968P	snRNA	235915415	-6425	6425	proximal	1.8002585	3.3021242199824536e-06
chr2:29519244-29519743	chr2	29519244	29519743	29519493	ENSG00000280947	AC093756.1	miRNA	29681102	-161609	161609	distal_unlinked	2.3275332	3.3021242199824536e-06
chr14:94373647-94374146	chr14	94373647	94374146	94373896	ENSG00000258597	SERPINA2	polymorphic_pseudogene	94366698	7198	7198	proximal	1.9065659	3.3021242199824536e-06
chr16:84586988-84587487	chr16	84586988	84587487	84587237	ENSG00000261471	RP11-61F12.1	antisense	84594393	-7156	7156	proximal	-1.9234781	3.307478276049762e-06
chr19:7870600-7871099	chr19	7870600	7871099	7870849	ENSG00000268120	CTD-3193O13.11	lincRNA	7870561	288	288	promoter	2.4896426	3.307478276049762e-06
chr14:101073166-101073665	chr14	101073166	101073665	101073415	ENSG00000223403	MEG9	lincRNA	101069911	3504	3504	proximal	2.0271182	3.307478276049762e-06
chr17:19716441-19716940	chr17	19716441	19716940	19716690	ENSG00000180638	SLC47A2	protein_coding	19718979	-2289	2289	proximal	-1.8884451	3.307478276049762e-06
chr16:9302074-9302573	chr16	9302074	9302573	9302323	ENSG00000261617	RP11-243A14.1	lincRNA	9355588	-53265	53265	distal_unlinked	-1.842173	3.307478276049762e-06
chr14:58272448-58272947	chr14	58272448	58272947	58272697	ENSG00000258682	CTD-2002H8.2	sense_overlapping	58264662	8035	8035	proximal	-1.764475	3.307478276049762e-06
chr12:74890112-74890611	chr12	74890112	74890611	74890361	ENSG00000257434	RP11-81K13.1	antisense	75020969	-130608	130608	distal_unlinked	1.3706266	3.372351621845609e-06
chr16:30740306-30740805	chr16	30740306	30740805	30740555	ENSG00000260899	RP11-2C24.4	processed_transcript	30740667	-112	112	promoter	1.1120932	3.390854347394488e-06
chr3:190586445-190586944	chr3	190586445	190586944	190586694	ENSG00000231047	GCNT1P3	processed_pseudogene	190624595	-37901	37901	proximal	1.4119432	3.472934685959072e-06
chr14:91332101-91332600	chr14	91332101	91332600	91332350	ENSG00000265856	AL133153.1	miRNA	91333713	-1363	1363	promoter	-1.5781925	3.543094125812544e-06
chr5:136020934-136021433	chr5	136020934	136021433	136021183	ENSG00000120708	TGFBI	protein_coding	136028895	-7712	7712	proximal	2.1157975	3.5979159015121105e-06
chr14:103881334-103881833	chr14	103881334	103881833	103881583	ENSG00000258534	CTD-2134A5.4	lincRNA	103880111	1472	1472	promoter	-1.3520125	3.620446897504543e-06
chr8:67824650-67825149	chr8	67824650	67825149	67824899	ENSG00000255531	NDUFS5P6	processed_pseudogene	67849044	-24145	24145	proximal	2.5919452	3.625741304596205e-06
chr16:85307531-85308030	chr16	85307531	85308030	85307780	ENSG00000266307	MIR5093	miRNA	85306325	1455	1455	promoter	-1.7310773	3.681780374183319e-06
chr17:48972286-48972785	chr17	48972286	48972785	48972535	ENSG00000159224	GIP	protein_coding	48968596	3939	3939	proximal	1.8333572	3.689612856514286e-06
chr12:105561805-105562304	chr12	105561805	105562304	105562054	ENSG00000257859	CASC18	lincRNA	105704203	-142149	142149	distal_unlinked	2.1659446	3.689612856514286e-06
chr3:72347912-72348411	chr3	72347912	72348411	72348161	ENSG00000260670	RP11-447M4.1	lincRNA	72324027	24134	24134	proximal	1.5231185	3.689612856514286e-06
chr1:48036637-48037136	chr1	48036637	48037136	48036886	ENSG00000226133	RP4-683M8.2	lincRNA	48053545	-16659	16659	proximal	1.8385832	3.830210433904277e-06
chr12:90091181-90091680	chr12	90091181	90091680	90091430	ENSG00000257194	RP11-567C2.1	lincRNA	90107739	-16309	16309	proximal	2.003665	3.87412952200141e-06
chr9:94666389-94666888	chr9	94666389	94666888	94666638	ENSG00000165140	FBP1	protein_coding	94640249	26389	26389	proximal	-1.97088	3.884518763125344e-06
chr21:34746297-34746796	chr21	34746297	34746796	34746546	ENSG00000234380	LINC01426	antisense	34745757	789	789	promoter	2.0898046	3.893612434941664e-06
chr9:127990958-127991457	chr9	127990958	127991457	127991207	ENSG00000167106	FAM102A	protein_coding	127980513	10694	10694	proximal	-2.227336	3.907210936550549e-06
chr1:241557018-241557517	chr1	241557018	241557517	241557267	ENSG00000117009	KMO	protein_coding	241532134	25133	25133	proximal	2.2085724	3.908834099986978e-06
chr5:59792942-59793441	chr5	59792942	59793441	59793191	ENSG00000202601	MIR582	miRNA	59703708	89483	89483	distal_unlinked	2.0595877	4.004915044434178e-06
chr17:13540986-13541485	chr17	13540986	13541485	13541235	ENSG00000221698	MIR548H3	miRNA	13543646	-2411	2411	proximal	3.2064795	4.004915044434178e-06
chr2:9287622-9288121	chr2	9287622	9288121	9287871	ENSG00000213772	EIF1P7	processed_pseudogene	9271628	16243	16243	proximal	2.3763423	4.004915044434178e-06
chr11:111367378-111367877	chr11	111367378	111367877	111367627	ENSG00000253099	RNU2-60P	snRNA	111383092	-15465	15465	proximal	-1.8576622	4.004915044434178e-06
chr20:45779541-45780040	chr20	45779541	45780040	45779790	ENSG00000221046	RNU6ATAC38P	snRNA	45778698	1092	1092	promoter	1.6546766	4.089843630616593e-06
chr1:115659710-115660209	chr1	115659710	115660209	115659959	ENSG00000173218	VANGL1	protein_coding	115641953	18006	18006	proximal	-2.4165325	4.129835100563639e-06
chr1:210597702-210598201	chr1	210597702	210598201	210597951	ENSG00000279333	RP11-75I2.3	TEC	210678315	-80364	80364	distal_unlinked	1.8879911	4.212501510938972e-06
chr9:136758223-136758722	chr9	136758223	136758722	136758472	ENSG00000204001	LCN8	protein_coding	136758543	-71	71	promoter	-2.4010408	4.434627861201957e-06
chr1:202236287-202236786	chr1	202236287	202236786	202236536	ENSG00000133067	LGR6	protein_coding	202193901	42635	42635	proximal	1.6942798	4.49422251271803e-06
chr2:28160871-28161370	chr2	28160871	28161370	28161120	ENSG00000277035	uc_338	misc_RNA	28134585	26535	26535	proximal	1.8207493	4.537310416799903e-06
chr7:114979321-114979820	chr7	114979321	114979820	114979570	ENSG00000135272	MDFIC	protein_coding	114922154	57416	57416	distal_unlinked	1.8642089	4.545114574473609e-06
chr14:67683783-67684282	chr14	67683783	67684282	67684032	ENSG00000258466	RP11-1012A1.4	protein_coding	67690367	-6335	6335	proximal	-1.475628	4.570121984055052e-06
chr8:37599683-37600182	chr8	37599683	37600182	37599932	ENSG00000254290	RP11-150O12.3	lincRNA	37599858	74	74	promoter	2.4764628	4.603533528102499e-06
chr1:172746244-172746743	chr1	172746244	172746743	172746493	ENSG00000229785	SLC25A38P1	processed_pseudogene	172748560	-2067	2067	proximal	1.1673617	4.629855795634796e-06
chr2:33405727-33406226	chr2	33405727	33406226	33405976	ENSG00000152689	RASGRP3	protein_coding	33436324	-30348	30348	proximal	1.991353	4.680162228162992e-06
chr9:77707628-77708127	chr9	77707628	77708127	77707877	ENSG00000156049	GNA14	protein_coding	77648307	59570	59570	distal_unlinked	1.5901818	4.685094978290836e-06
chr2:20580673-20581172	chr2	20580673	20581172	20580922	ENSG00000269976	RP11-130L8.2	lincRNA	20586686	-5764	5764	proximal	-1.3194722	4.685094978290836e-06
chr10:98460788-98461287	chr10	98460788	98461287	98461037	ENSG00000107521	HPS1	protein_coding	98446947	14090	14090	proximal	1.4021821	4.685094978290836e-06
chr19:19591007-19591506	chr19	19591007	19591506	19591256	ENSG00000267178	PHF5CP	processed_pseudogene	19588415	2841	2841	proximal	1.3567225	4.723385595261798e-06
chr7:43487272-43487771	chr7	43487272	43487771	43487521	ENSG00000231638	AC011738.4	antisense	43522542	-35021	35021	proximal	1.9008851	4.797619358396144e-06
chr16:16014804-16015303	chr16	16014804	16015303	16015053	ENSG00000103222	ABCC1	protein_coding	15949577	65476	65476	distal_unlinked	-1.4390248	4.811773364948075e-06
chr21:43921203-43921702	chr21	43921203	43921702	43921452	ENSG00000199598	RNU6-859P	snRNA	43919901	1551	1551	promoter	-1.6364588	4.861575200108909e-06
chr16:12652090-12652589	chr16	12652090	12652589	12652339	ENSG00000274834	CTD-3037G24.5	lincRNA	12614451	37888	37888	proximal	-2.0914373	4.990519250518694e-06
chr3:45092260-45092759	chr3	45092260	45092759	45092509	ENSG00000163814	CDCP1	protein_coding	45146422	-53913	53913	distal_unlinked	2.4837306	4.996189385877167e-06
chr17:16873052-16873551	chr17	16873052	16873551	16873301	ENSG00000229749	COTL1P1	processed_pseudogene	16853935	19366	19366	proximal	-1.6263723	5.1533956756671225e-06
chr11:8059667-8060166	chr11	8059667	8060166	8059916	ENSG00000248332	TUB-AS1	sense_intronic	8060038	-122	122	promoter	-2.4209762	5.1533956756671225e-06
chr13:30569871-30570370	chr13	30569871	30570370	30570120	ENSG00000224117	PTPN2P2	processed_pseudogene	30553670	16450	16450	proximal	1.8243912	5.1533956756671225e-06
chr2:109284774-109285273	chr2	109284774	109285273	109285023	ENSG00000265965	MIR4266	miRNA	109313625	-28602	28602	proximal	-1.3762026	5.1533956756671225e-06
chr4:3712847-3713346	chr4	3712847	3713346	3713096	ENSG00000250632	RP3-513G18.2	lincRNA	3677855	35241	35241	proximal	-1.9935436	5.213175116320418e-06
chr4:88062846-88063345	chr4	88062846	88063345	88063095	ENSG00000118762	PKD2	protein_coding	88007668	55427	55427	distal_unlinked	-1.8711566	5.354333807322722e-06
chr17:13544378-13544877	chr17	13544378	13544877	13544627	ENSG00000221698	MIR548H3	miRNA	13543646	981	981	promoter	2.6801527	5.354333807322722e-06
chr17:65170798-65171297	chr17	65170798	65171297	65171047	ENSG00000265883	RP11-169I9.2	processed_pseudogene	65185482	-14435	14435	proximal	-1.7507973	5.616155034909693e-06
chr2:239461475-239461974	chr2	239461475	239461974	239461724	ENSG00000068024	HDAC4	protein_coding	239401654	60070	60070	distal_unlinked	2.7075179	5.6592016466989015e-06
chr1:6285275-6285774	chr1	6285275	6285774	6285524	ENSG00000158292	GPR153	protein_coding	6260975	24549	24549	proximal	-1.7994416	5.800261408817366e-06
chr1:209389059-209389558	chr1	209389059	209389558	209389308	ENSG00000231648	RP11-372M18.2	lincRNA	209367662	21646	21646	proximal	1.6749703	5.83300713423793e-06
chr18:36309420-36309919	chr18	36309420	36309919	36309669	ENSG00000134775	FHOD3	protein_coding	36297714	11955	11955	proximal	1.3850911	5.909352119463355e-06
chr8:37871288-37871787	chr8	37871288	37871787	37871537	ENSG00000280064	RP11-205M5.3	TEC	37858949	12588	12588	proximal	2.9507747	5.93519989972129e-06
chr2:234004142-234004641	chr2	234004142	234004641	234004391	ENSG00000274951	AC005538.1	miRNA	234012265	-7874	7874	proximal	2.0953732	6.029543428760468e-06
chr8:37870122-37870621	chr8	37870122	37870621	37870371	ENSG00000280064	RP11-205M5.3	TEC	37858949	11422	11422	proximal	2.116251	6.063072165575301e-06
chr9:95138507-95139006	chr9	95138507	95139006	95138756	ENSG00000251884	RNA5SP288	rRNA	95142541	-3785	3785	proximal	-1.931157	6.148091982578648e-06
chr8:29511506-29512005	chr8	29511506	29512005	29511755	ENSG00000253632	RP11-486M23.1	lincRNA	29527312	-15557	15557	proximal	1.6368792	6.148091982578648e-06
chr19:14545325-14545824	chr19	14545325	14545824	14545574	ENSG00000132002	DNAJB1	protein_coding	14529770	15804	15804	proximal	-1.361805	6.294358692344178e-06
chr20:10604486-10604985	chr20	10604486	10604985	10604735	ENSG00000235036	RP5-1099D15.1	processed_pseudogene	10614229	-9494	9494	proximal	1.6512586	6.476363735641895e-06
chr17:48483337-48483836	chr17	48483337	48483836	48483586	ENSG00000206805	Y_RNA	misc_RNA	48479097	4489	4489	proximal	2.4786797	6.476363735641895e-06
chr11:34654745-34655244	chr11	34654745	34655244	34654994	ENSG00000135373	EHF	protein_coding	34621093	33901	33901	proximal	2.3743849	6.513554126606507e-06
chr6:3341492-3341991	chr6	3341492	3341991	3341741	ENSG00000272320	RP11-506K6.4	antisense	3311662	30079	30079	proximal	2.070334	6.61075437888528e-06
chr3:45138820-45139319	chr3	45138820	45139319	45139069	ENSG00000163814	CDCP1	protein_coding	45146422	-7353	7353	proximal	1.9642792	6.676194946808888e-06
chr1:63662068-63662567	chr1	63662068	63662567	63662317	ENSG00000244256	RN7SL130P	misc_RNA	63655743	6574	6574	proximal	1.9472911	6.676194946808888e-06
chr9:101443238-101443737	chr9	101443238	101443737	101443487	ENSG00000270982	RP11-490D19.11	processed_pseudogene	101449801	-6314	6314	proximal	-2.7205667	6.682874279219533e-06
chr16:57786814-57787313	chr16	57786814	57787313	57787063	ENSG00000187185	CTD-2600O9.1	lincRNA	57798186	-11123	11123	proximal	-2.5717235	6.981862756274477e-06
chr2:3493572-3494071	chr2	3493572	3494071	3493821	ENSG00000271868	RP11-1293J14.1	lincRNA	3496956	-3135	3135	proximal	2.6507106	7.067671416600582e-06
chr11:102047164-102047663	chr11	102047164	102047663	102047413	ENSG00000137691	C11orf70	protein_coding	102047443	-30	30	promoter	1.6212951	7.067671416600582e-06
chr4:188439857-188440356	chr4	188439857	188440356	188440106	ENSG00000249378	LINC01060	lincRNA	188400736	39370	39370	proximal	-1.7230957	7.24138860567714e-06
chr1:226549778-226550277	chr1	226549778	226550277	226550027	ENSG00000203685	C1orf95	protein_coding	226548800	1227	1227	promoter	-1.7733235	7.272014887947344e-06
chr12:110109023-110109522	chr12	110109023	110109522	110109272	ENSG00000122970	IFT81	protein_coding	110124335	-15063	15063	proximal	2.0835335	7.334349441961493e-06
chr5:107425663-107426162	chr5	107425663	107426162	107425912	ENSG00000250273	PSMC1P5	processed_pseudogene	107195156	230756	230756	distal_unlinked	2.376058	7.334349441961493e-06
chr13:98033800-98034299	chr13	98033800	98034299	98034049	ENSG00000232217	FTLP8	processed_pseudogene	97987216	46833	46833	proximal	-1.4543325	7.411659500717374e-06
chr11:65412646-65413145	chr11	65412646	65413145	65412895	ENSG00000245532	NEAT1	lincRNA	65422774	-9879	9879	proximal	-1.0803993	7.5170950471677616e-06
chr22:22817746-22818245	chr22	22817746	22818245	22817995	ENSG00000211670	IGLV3-9	IG_V_gene	22819010	-1015	1015	promoter	-1.9141037	7.560071488116866e-06
chr12:123126417-123126916	chr12	123126417	123126916	123126666	ENSG00000090975	PITPNM2	protein_coding	123150015	-23349	23349	proximal	2.2284858	7.597961209193649e-06
chr1:22739598-22740097	chr1	22739598	22740097	22739847	ENSG00000216157	AL611946.1	miRNA	22748911	-9064	9064	proximal	1.8193696	7.600451433303471e-06
chr5:107395760-107396259	chr5	107395760	107396259	107396009	ENSG00000250273	PSMC1P5	processed_pseudogene	107195156	200853	200853	distal_unlinked	2.7028332	7.600451433303471e-06
chr5:125484171-125484670	chr5	125484171	125484670	125484420	ENSG00000260192	RP11-756H20.1	lincRNA	125493261	-8841	8841	proximal	2.0483544	7.600451433303471e-06
chr5:1185813-1186312	chr5	1185813	1186312	1186062	ENSG00000249201	CTD-3080P12.3	antisense	1178605	7457	7457	proximal	-1.9127009	7.655342805001908e-06
chr7:102875792-102876291	chr7	102875792	102876291	102876041	ENSG00000238324	RN7SKP198	misc_RNA	102857450	18591	18591	proximal	2.2206397	7.66083591683534e-06
chr1:241591295-241591794	chr1	241591295	241591794	241591544	ENSG00000203668	CHML	protein_coding	241635930	-44386	44386	proximal	1.6438646	7.839930982377702e-06
chr13:112562743-112563242	chr13	112562743	112563242	112562992	ENSG00000126216	TUBGCP3	protein_coding	112588167	-25175	25175	proximal	-2.3402991	8.053387766122864e-06
chr1:96362501-96363000	chr1	96362501	96363000	96362750	ENSG00000231987	RP5-898J17.1	lincRNA	96374125	-11375	11375	proximal	3.2260654	8.06435680493929e-06
chr10:126247324-126247823	chr10	126247324	126247823	126247573	ENSG00000213170	RP11-81B10.2	processed_pseudogene	126272818	-25245	25245	proximal	2.353216	8.321687941771016e-06
chr10:5573965-5574464	chr10	5573965	5574464	5574214	ENSG00000242147	RP13-463N16.6	lincRNA	5596118	-21904	21904	proximal	-2.290525	8.437825363760362e-06
chr16:54175118-54175617	chr16	54175118	54175617	54175367	ENSG00000275147	RP11-324D17.3	lincRNA	54152855	22512	22512	proximal	-2.1926003	8.441847590488688e-06
chr2:235571248-235571747	chr2	235571248	235571747	235571497	ENSG00000235529	AGAP1-IT1	sense_intronic	235505751	65746	65746	distal_unlinked	-1.218833	8.441847590488688e-06
chr1:41742159-41742658	chr1	41742159	41742658	41742408	ENSG00000264896	AL451006.1	miRNA	41759141	-16733	16733	proximal	1.5493317	8.491531991899342e-06
chr11:71207497-71207996	chr11	71207497	71207996	71207746	ENSG00000162105	SHANK2	protein_coding	71252577	-44831	44831	proximal	-2.196731	8.515726165423226e-06
chr15:89836557-89837056	chr15	89836557	89837056	89836806	ENSG00000264966	MIR5094	miRNA	89850721	-13915	13915	proximal	1.8075147	8.517770544252377e-06
chr21:34885033-34885532	chr21	34885033	34885532	34885282	ENSG00000234380	LINC01426	antisense	34745757	139525	139525	distal_unlinked	1.2010665	8.553403302482448e-06
chr1:153490240-153490739	chr1	153490240	153490739	153490489	ENSG00000263841	RN7SL44P	misc_RNA	153500764	-10275	10275	proximal	2.0054197	8.726226527919682e-06
chr10:116056897-116057396	chr10	116056897	116057396	116057146	ENSG00000151892	GFRA1	protein_coding	116273467	-216321	216321	distal_unlinked	2.4940286	8.820865799185254e-06
chr4:139834933-139835432	chr4	139834933	139835432	139835182	ENSG00000252233	RN7SKP253	misc_RNA	139794433	40749	40749	proximal	-2.2270544	8.867146725091514e-06
chr1:224593017-224593516	chr1	224593017	224593516	224593266	ENSG00000229991	AKR1B1P1	processed_pseudogene	224574434	18832	18832	proximal	2.0777383	8.925467557470015e-06
chr17:31560709-31561208	chr17	31560709	31561208	31560958	ENSG00000278546	RP1-41C23.4	lincRNA	31560132	826	826	promoter	1.0365615	9.02668265403215e-06
chr17:21289758-21290257	chr17	21289758	21290257	21290007	ENSG00000034152	MAP2K3	protein_coding	21284672	5335	5335	proximal	-1.2044009	9.170335617908346e-06
chr10:77531343-77531842	chr10	77531343	77531842	77531592	ENSG00000199592	RNA5SP321	rRNA	77587049	-55457	55457	distal_unlinked	-1.2430928	9.170335617908346e-06
chr10:34721182-34721681	chr10	34721182	34721681	34721431	ENSG00000215184	RP11-8L18.2	processed_pseudogene	34676041	45390	45390	proximal	1.1776606	9.259060821340185e-06
chr11:67873170-67873669	chr11	67873170	67873669	67873419	ENSG00000273819	ENPP7P7	unprocessed_pseudogene	67873367	52	52	promoter	-1.7762208	9.383871870090826e-06
chr6:137637087-137637586	chr6	137637087	137637586	137637336	ENSG00000230533	RP11-95M15.1	lincRNA	137673460	-36124	36124	proximal	1.9464376	9.407838711573726e-06
chr2:45024775-45025274	chr2	45024775	45025274	45025024	ENSG00000231156	AC093702.1	lincRNA	45013668	11356	11356	proximal	1.7945436	9.407838711573726e-06
chr9:109506023-109506522	chr9	109506023	109506522	109506272	ENSG00000263861	MIR3927	miRNA	109511545	-5273	5273	proximal	-1.70621	9.441012229852878e-06
chr2:102488135-102488634	chr2	102488135	102488634	102488384	ENSG00000180251	SLC9A4	protein_coding	102473303	15081	15081	proximal	2.0771894	9.491838664337688e-06
chr9:137447518-137448017	chr9	137447518	137448017	137447767	ENSG00000276682	MIR7114	miRNA	137450086	-2319	2319	proximal	-1.3275026	9.589380092831716e-06
chr12:53938378-53938877	chr12	53938378	53938877	53938627	ENSG00000123364	HOXC13	protein_coding	53938765	-138	138	promoter	1.7536788	9.589380092831716e-06
chr5:180330684-180331183	chr5	180330684	180331183	180330933	ENSG00000131459	GFPT2	protein_coding	180353387	-22454	22454	proximal	3.254201	9.589380092831716e-06
chr4:129358542-129359041	chr4	129358542	129359041	129358791	ENSG00000250193	RP11-419L4.1	lincRNA	129305022	53769	53769	distal_unlinked	1.6251829	9.655564405909763e-06
chr16:4935252-4935751	chr16	4935252	4935751	4935501	ENSG00000281522	Y_RNA	misc_RNA	4951891	-16390	16390	proximal	2.31447	9.733910449695503e-06
chr16:88332113-88332612	chr16	88332113	88332612	88332362	ENSG00000225614	ZNF469	protein_coding	88427471	-95109	95109	distal_unlinked	2.100081	9.733910449695503e-06
chr17:77834443-77834942	chr17	77834443	77834942	77834692	ENSG00000204283	FLJ45079	lincRNA	77884087	-49395	49395	proximal	1.4647998	9.820564101003977e-06
chr12:56358887-56359386	chr12	56358887	56359386	56359136	ENSG00000170581	STAT2	protein_coding	56360155	-1019	1019	promoter	1.4161683	9.820564101003977e-06
chr5:136011304-136011803	chr5	136011304	136011803	136011553	ENSG00000120708	TGFBI	protein_coding	136028895	-17342	17342	proximal	1.5321941	9.825148683094574e-06
chr12:62724858-62725357	chr12	62724858	62725357	62725107	ENSG00000213352	GAPDHP44	processed_pseudogene	62755227	-30120	30120	proximal	1.5886581	9.871126427163922e-06
chr17:17979403-17979902	chr17	17979403	17979902	17979652	ENSG00000230273	AC087163.3	processed_pseudogene	17981572	-1920	1920	promoter	-2.0222056	9.98009188976718e-06
chr9:114163456-114163955	chr9	114163456	114163955	114163705	ENSG00000196739	COL27A1	protein_coding	114155560	8145	8145	proximal	-1.5251188	9.98009188976718e-06
chr10:43265788-43266287	chr10	43265788	43266287	43266037	ENSG00000198915	RASGEF1A	protein_coding	43266919	-882	882	promoter	-1.7400181	1.0003640491014696e-05
chr1:212498097-212498596	chr1	212498097	212498596	212498346	ENSG00000224535	RP11-61J19.2	lincRNA	212467743	30603	30603	proximal	1.5411347	1.0003640491014696e-05
chr1:56897613-56898112	chr1	56897613	56898112	56897862	ENSG00000157131	C8A	protein_coding	56854806	43056	43056	proximal	-1.8552848	1.0088415471277076e-05
chr5:139482107-139482606	chr5	139482107	139482606	139482356	ENSG00000184584	TMEM173	protein_coding	139482935	-579	579	promoter	1.5440123	1.011706801314983e-05
chr9:129777090-129777589	chr9	129777090	129777589	129777339	ENSG00000233909	UBE2V1P4	processed_pseudogene	129791196	-13857	13857	proximal	1.4045775	1.01930956325829e-05
chr21:34701820-34702319	chr21	34701820	34702319	34702069	ENSG00000159212	CLIC6	protein_coding	34669389	32680	32680	proximal	2.8120143	1.0302257270800843e-05
chr12:65603414-65603913	chr12	65603414	65603913	65603663	ENSG00000256268	RP11-221N13.3	lincRNA	65602869	794	794	promoter	1.6193619	1.0405149608167114e-05
chr7:76364691-76365190	chr7	76364691	76365190	76364940	ENSG00000213548	AC005522.6	processed_pseudogene	76361768	3172	3172	proximal	1.6807816	1.0442306524656903e-05
chr5:1709063-1709562	chr5	1709063	1709562	1709312	ENSG00000263746	MIR4277	miRNA	1708868	444	444	promoter	-2.5814595	1.0442306524656903e-05
chr1:18989867-18990366	chr1	18989867	18990366	18990116	ENSG00000169991	IFFO2	protein_coding	18956686	33430	33430	proximal	-2.3885276	1.04774511057521e-05
chr18:77103865-77104364	chr18	77103865	77104364	77104114	ENSG00000279433	RP11-4B16.1	TEC	77110537	-6423	6423	proximal	-1.4597496	1.04774511057521e-05
chr7:107860160-107860659	chr7	107860160	107860659	107860409	ENSG00000091140	DLD	protein_coding	107890970	-30561	30561	proximal	2.1823757	1.067753152880376e-05
chr2:173354597-173355096	chr2	173354597	173355096	173354846	ENSG00000144354	CDCA7	protein_coding	173354820	26	26	promoter	1.3416015	1.0755531582487838e-05
chr2:118122889-118123388	chr2	118122889	118123388	118123138	ENSG00000125629	INSIG2	protein_coding	118088452	34686	34686	proximal	1.2506592	1.1064414850808206e-05
chr8:125309632-125310131	chr8	125309632	125310131	125309881	ENSG00000242170	RN7SL329P	misc_RNA	125270604	39277	39277	proximal	1.3523782	1.129499394493608e-05
chr9:94941334-94941833	chr9	94941334	94941833	94941583	ENSG00000224764	RP11-54O15.3	antisense	94934946	6637	6637	proximal	-1.0004792	1.1303796270398816e-05
chr20:10565539-10566038	chr20	10565539	10566038	10565788	ENSG00000235036	RP5-1099D15.1	processed_pseudogene	10614229	-48441	48441	proximal	1.9641527	1.1402549995073e-05
chr17:4625265-4625764	chr17	4625265	4625764	4625514	ENSG00000222429	RNU6-955P	snRNA	4619852	5662	5662	proximal	-1.7668377	1.1463021661712953e-05
chr1:85289434-85289933	chr1	85289434	85289933	85289683	ENSG00000264380	AL590113.1	miRNA	85284610	5073	5073	proximal	1.9721301	1.1463021661712953e-05
chr10:34116264-34116763	chr10	34116264	34116763	34116513	ENSG00000199200	Y_RNA	misc_RNA	34202074	-85561	85561	distal_unlinked	-1.6877824	1.1890180067857563e-05
chr12:9650649-9651148	chr12	9650649	9651148	9650898	ENSG00000256442	RP11-705C15.4	antisense	9648009	2889	2889	proximal	1.3831344	1.1890180067857563e-05
chr12:54306942-54307441	chr12	54306942	54307441	54307191	ENSG00000111481	COPZ1	protein_coding	54301202	5989	5989	proximal	1.9333761	1.1890180067857563e-05
chr9:83501926-83502425	chr9	83501926	83502425	83502175	ENSG00000172159	FRMD3	protein_coding	83538546	-36371	36371	proximal	-1.982332	1.1943475710927914e-05
chr11:85718959-85719458	chr11	85718959	85719458	85719208	ENSG00000179071	CCDC89	protein_coding	85686277	32931	32931	proximal	1.900172	1.2052454334624595e-05
chr7:25852134-25852633	chr7	25852134	25852633	25852383	ENSG00000270933	CTD-2227E11.1	lincRNA	25949403	-97020	97020	distal_unlinked	1.4866282	1.2285146509247083e-05
chr10:94002109-94002608	chr10	94002109	94002608	94002358	ENSG00000138193	PLCE1	protein_coding	93993989	8369	8369	proximal	2.3318257	1.2517188742557808e-05
chr7:107044417-107044916	chr7	107044417	107044916	107044666	ENSG00000005249	PRKAR2B	protein_coding	107044649	17	17	promoter	1.1485	1.26761832321748e-05
chr3:130820860-130821359	chr3	130820860	130821359	130821109	ENSG00000232829	GSTO3P	processed_pseudogene	130827659	-6550	6550	proximal	1.1371164	1.273852887926426e-05
chr6:25458456-25458955	chr6	25458456	25458955	25458705	ENSG00000253017	AL160037.1	miRNA	25407895	50810	50810	distal_unlinked	1.5847082	1.2778641783603722e-05
chr13:50598342-50598841	chr13	50598342	50598841	50598591	ENSG00000281190	AC007304.1	miRNA	50643015	-44424	44424	proximal	-1.3091311	1.3562961392400422e-05
chr11:74278606-74279105	chr11	74278606	74279105	74278855	ENSG00000206913	SNORA7	snoRNA	74252552	26303	26303	proximal	2.7529123	1.3778344815908354e-05
chr21:42561697-42562196	chr21	42561697	42562196	42561946	ENSG00000235772	AP001625.6	antisense	42561934	12	12	promoter	-1.822885	1.3783683141485797e-05
chr12:65602455-65602954	chr12	65602455	65602954	65602704	ENSG00000256268	RP11-221N13.3	lincRNA	65602869	-165	165	promoter	1.4884188	1.3830399355826736e-05
chr10:57692231-57692730	chr10	57692231	57692730	57692480	ENSG00000235810	RP11-550A9.1	processed_pseudogene	57513157	179323	179323	distal_unlinked	1.9090068	1.3873834488217962e-05
chr13:100545313-100545812	chr13	100545313	100545812	100545562	ENSG00000234354	RPS26P47	processed_pseudogene	100540248	5314	5314	proximal	-1.846983	1.398716515467413e-05
chr17:44941588-44942087	chr17	44941588	44942087	44941837	ENSG00000186185	KIF18B	protein_coding	44947711	-5874	5874	proximal	1.827314	1.4198079644358756e-05
chr11:71205996-71206495	chr11	71205996	71206495	71206245	ENSG00000162105	SHANK2	protein_coding	71252577	-46332	46332	proximal	-1.714145	1.4300110983743192e-05
chr9:90458404-90458903	chr9	90458404	90458903	90458653	ENSG00000231107	LINC01508	lincRNA	90433505	25148	25148	proximal	-1.371787	1.4300110983743192e-05
chr22:35192076-35192575	chr22	35192076	35192575	35192325	ENSG00000243453	COX7BP1	processed_pseudogene	35194942	-2617	2617	proximal	2.407207	1.4300110983743192e-05
chr1:118959980-118960479	chr1	118959980	118960479	118960229	ENSG00000092607	TBX15	protein_coding	118989556	-29327	29327	proximal	1.8943886	1.4453785540046326e-05
chr7:43302105-43302604	chr7	43302105	43302604	43302354	ENSG00000213717	AC004692.5	processed_pseudogene	43274159	28195	28195	proximal	2.8441606	1.4453785540046326e-05
chr3:186839825-186840324	chr3	186839825	186840324	186840074	ENSG00000181092	ADIPOQ	protein_coding	186842690	-2616	2616	proximal	2.6829808	1.454080735191814e-05
chr7:29723088-29723587	chr7	29723088	29723587	29723337	ENSG00000225264	ZNRF2P2	transcribed_processed_pseudogene	29685255	38082	38082	proximal	2.0536134	1.4630123198865932e-05
chr1:181112444-181112943	chr1	181112444	181112943	181112693	ENSG00000162783	IER5	protein_coding	181088712	23981	23981	proximal	1.4362266	1.4773621951556284e-05
chr18:75418243-75418742	chr18	75418243	75418742	75418492	ENSG00000206026	SMIM21	protein_coding	75427703	-9211	9211	proximal	-1.8522606	1.480110562991406e-05
chr8:92587541-92588040	chr8	92587541	92588040	92587790	ENSG00000221172	AC091096.1	miRNA	92635335	-47545	47545	proximal	2.140447	1.4856779734132157e-05
chr8:143407834-143408333	chr8	143407834	143408333	143408083	ENSG00000253931	RP11-909N17.2	antisense	143412749	-4666	4666	proximal	2.0538745	1.514309892769461e-05
chr2:28224716-28225215	chr2	28224716	28225215	28224965	ENSG00000225991	RP11-731I19.1	processed_pseudogene	28308161	-83196	83196	distal_unlinked	1.6679585	1.523268516271322e-05
chr21:27693381-27693880	chr21	27693381	27693880	27693630	ENSG00000225298	LINC00113	lincRNA	27722379	-28749	28749	proximal	2.442616	1.575704188685066e-05
chr14:23936271-23936770	chr14	23936271	23936770	23936520	ENSG00000259334	LINC00596	lincRNA	23934568	1952	1952	promoter	-1.8693516	1.575714994120134e-05
chr2:109291241-109291740	chr2	109291241	109291740	109291490	ENSG00000265965	MIR4266	miRNA	109313625	-22135	22135	proximal	-2.286918	1.582180974359318e-05
chr5:154701027-154701526	chr5	154701027	154701526	154701276	ENSG00000274472	Y_RNA	misc_RNA	154705626	-4350	4350	proximal	-2.0664258	1.5854074880442776e-05
chr11:3905273-3905772	chr11	3905273	3905772	3905522	ENSG00000230593	AC090804.1	processed_pseudogene	3892887	12635	12635	proximal	1.4911101	1.593568719898593e-05
chr1:119080476-119080975	chr1	119080476	119080975	119080725	ENSG00000223575	RBMX2P3	processed_pseudogene	119085954	-5229	5229	proximal	1.8868454	1.6138854950437903e-05
chr8:140042600-140043099	chr8	140042600	140043099	140042849	ENSG00000274064	RP11-570L14.1	processed_pseudogene	140039756	3093	3093	proximal	-1.780856	1.637368463516506e-05
chr1:186680125-186680624	chr1	186680125	186680624	186680374	ENSG00000073756	PTGS2	protein_coding	186680427	-53	53	promoter	1.7955699	1.6455257538135563e-05
chr11:914993-915492	chr11	914993	915492	915242	ENSG00000177830	CHID1	protein_coding	915058	184	184	promoter	-2.1848624	1.6455257538135563e-05
chr1:218377283-218377782	chr1	218377283	218377782	218377532	ENSG00000092969	TGFB2	protein_coding	218346235	31297	31297	proximal	1.8847263	1.6455257538135563e-05
chr17:13562024-13562523	chr17	13562024	13562523	13562273	ENSG00000221698	MIR548H3	miRNA	13543646	18627	18627	proximal	2.4797602	1.6585336079298253e-05
chr4:95727975-95728474	chr4	95727975	95728474	95728224	ENSG00000242936	RPL30P6	processed_pseudogene	95645293	82931	82931	distal_unlinked	2.0612426	1.6585336079298253e-05
chr20:44733289-44733788	chr20	44733289	44733788	44733538	ENSG00000124249	KCNK15	protein_coding	44745780	-12242	12242	proximal	1.1985241	1.6906241721090342e-05
chr3:45124364-45124863	chr3	45124364	45124863	45124613	ENSG00000163814	CDCP1	protein_coding	45146422	-21809	21809	proximal	1.6318173	1.735910331966938e-05
chr4:77579357-77579856	chr4	77579357	77579856	77579606	ENSG00000156234	CXCL13	protein_coding	77511753	67853	67853	distal_unlinked	2.1326125	1.7450251705611863e-05
chr7:25855926-25856425	chr7	25855926	25856425	25856175	ENSG00000270933	CTD-2227E11.1	lincRNA	25949403	-93228	93228	distal_unlinked	1.9059594	1.7450251705611863e-05
chr12:65741277-65741776	chr12	65741277	65741776	65741526	ENSG00000149948	HMGA2	protein_coding	65824131	-82605	82605	distal_unlinked	1.6767343	1.7450251705611863e-05
chr5:169350668-169351167	chr5	169350668	169351167	169350917	ENSG00000184347	SLIT3	protein_coding	169301129	49788	49788	proximal	1.9575531	1.7450251705611863e-05
chr7:129845422-129845921	chr7	129845422	129845921	129845671	ENSG00000242078	RP11-738B7.1	lincRNA	129785185	60486	60486	distal_unlinked	1.5342548	1.7564164413800093e-05
chr7:141585790-141586289	chr7	141585790	141586289	141586039	ENSG00000261570	RP11-744I24.2	antisense	141551304	34735	34735	proximal	1.7704902	1.7642019997928198e-05
chr4:129342810-129343309	chr4	129342810	129343309	129343059	ENSG00000250193	RP11-419L4.1	lincRNA	129305022	38037	38037	proximal	1.1769512	1.7690158676080723e-05
chr2:235573812-235574311	chr2	235573812	235574311	235574061	ENSG00000235529	AGAP1-IT1	sense_intronic	235505751	68310	68310	distal_unlinked	-1.67399	1.7690158676080723e-05
chr18:23141532-23142031	chr18	23141532	23142031	23141781	ENSG00000222999	AC105247.1	miRNA	23136512	5269	5269	proximal	-1.2704036	1.779588273427944e-05
chr7:140390751-140391250	chr7	140390751	140391250	140391000	ENSG00000202472	RNA5SP248	rRNA	140386907	4093	4093	proximal	1.6801109	1.779588273427944e-05
chr11:7648178-7648677	chr11	7648178	7648677	7648427	ENSG00000166394	CYB5R2	protein_coding	7677222	-28795	28795	proximal	-2.3721561	1.794545127536786e-05
chr5:36502548-36503047	chr5	36502548	36503047	36502797	ENSG00000222178	RNA5SP181	rRNA	36485343	17454	17454	proximal	2.8481097	1.8185884680118736e-05
chr5:123951532-123952031	chr5	123951532	123952031	123951781	ENSG00000250862	HMGB1P29	processed_pseudogene	124221077	-269296	269296	distal_unlinked	2.6162815	1.8247494464606416e-05
chr11:34750222-34750721	chr11	34750222	34750721	34750471	ENSG00000270491	RP4-743O11.1	processed_pseudogene	34742906	7565	7565	proximal	2.6709821	1.8247494464606416e-05
chr7:50771252-50771751	chr7	50771252	50771751	50771501	ENSG00000106070	GRB10	protein_coding	50793462	-21961	21961	proximal	-1.5163825	1.84597330614835e-05
chr2:38178071-38178570	chr2	38178071	38178570	38178320	ENSG00000273006	RP11-314C9.2	lincRNA	38193348	-15028	15028	proximal	1.4355438	1.8783444390958947e-05
chr6:106591389-106591888	chr6	106591389	106591888	106591638	ENSG00000200295	RNU6-527P	snRNA	106607716	-16078	16078	proximal	1.7164776	1.8916761413789823e-05
chr14:99602077-99602576	chr14	99602077	99602576	99602326	ENSG00000205476	CCDC85C	protein_coding	99604026	-1700	1700	promoter	-1.2127593	1.909180871202744e-05
chr9:21591581-21592080	chr9	21591581	21592080	21591830	ENSG00000171889	MIR31HG	sense_overlapping	21559669	32161	32161	proximal	1.2974768	1.9236773478517868e-05
chr12:12891243-12891742	chr12	12891243	12891742	12891492	ENSG00000013588	GPRC5A	protein_coding	12890782	710	710	promoter	2.0429888	1.9236773478517868e-05
chr2:62654384-62654883	chr2	62654384	62654883	62654633	ENSG00000226622	AC092155.4	antisense	62662654	-8021	8021	proximal	1.6924002	1.924388230962787e-05
chr11:914117-914616	chr11	914117	914616	914366	ENSG00000177830	CHID1	protein_coding	915058	-692	692	promoter	-1.2331154	1.924388230962787e-05
chr11:89340367-89340866	chr11	89340367	89340866	89340616	ENSG00000279603	RP11-796A5.4	TEC	89301477	39139	39139	proximal	1.7244992	1.944404720654378e-05
chr12:53232091-53232590	chr12	53232091	53232590	53232340	ENSG00000172819	RARG	protein_coding	53232980	-640	640	promoter	1.3560593	1.949610472319664e-05
chr22:40511585-40512084	chr22	40511585	40512084	40511834	ENSG00000232564	RP4-591N18.2	antisense	40521800	-9966	9966	proximal	1.228493	1.9646074059234542e-05
chr14:51472899-51473398	chr14	51472899	51473398	51473148	ENSG00000139926	FRMD6	protein_coding	51489100	-15952	15952	proximal	-1.2987565	1.9646074059234542e-05
chr16:10992669-10993168	chr16	10992669	10993168	10992918	ENSG00000229917	RPL7P46	processed_pseudogene	11027024	-34106	34106	proximal	1.5540779	1.9820015934334872e-05
chr7:197467-197966	chr7	197467	197966	197716	ENSG00000240093	AC093627.12	antisense	194180	3536	3536	proximal	-1.7628736	1.9939346876250217e-05
chr6:43813101-43813600	chr6	43813101	43813600	43813350	ENSG00000223469	RP11-344J7.2	lincRNA	43852333	-38983	38983	proximal	-1.6062307	2.0093516704971743e-05
chr8:128168277-128168776	chr8	128168277	128168776	128168526	ENSG00000221261	MIR1208	miRNA	128150116	18410	18410	proximal	1.5174506	2.021952338511769e-05
chr2:207869820-207870319	chr2	207869820	207870319	207870069	ENSG00000225111	AC083900.1	sense_intronic	207869915	154	154	promoter	1.3701683	2.040217868340697e-05
chr8:100528760-100529259	chr8	100528760	100529259	100529009	ENSG00000251013	GAPDHP62	processed_pseudogene	100551713	-22704	22704	proximal	-1.3760045	2.0454090858303057e-05
chr14:65238498-65238997	chr14	65238498	65238997	65238747	ENSG00000258878	CTD-2509G16.3	processed_pseudogene	65235101	3646	3646	proximal	1.8667965	2.08440070037746e-05
chr12:107385474-107385973	chr12	107385474	107385973	107385723	ENSG00000200897	SNORD74	snoRNA	107374747	10976	10976	proximal	2.7706056	2.0964139106093717e-05
chr1:233107583-233108082	chr1	233107583	233108082	233107832	ENSG00000135778	NTPCR	protein_coding	232950605	157227	157227	distal_unlinked	2.2851257	2.1849579224624766e-05
chr21:39633735-39634234	chr21	39633735	39634234	39633984	ENSG00000225330	AF064860.5	sense_overlapping	39630271	3713	3713	proximal	2.2440577	2.1874342252370512e-05
chr1:21560007-21560506	chr1	21560007	21560506	21560256	ENSG00000233431	RP11-63N8.3	antisense	21586472	-26216	26216	proximal	-1.7155687	2.1883061278048652e-05
chr1:201456802-201457301	chr1	201456802	201457301	201457051	ENSG00000224818	RP11-134G8.10	3prime_overlapping_ncrna	201465146	-8095	8095	proximal	2.5527725	2.1883061278048652e-05
chr17:3485600-3486099	chr17	3485600	3486099	3485849	ENSG00000108381	ASPA	protein_coding	3472374	13475	13475	proximal	-2.1946778	2.195701589989633e-05
chr20:47929324-47929823	chr20	47929324	47929823	47929573	ENSG00000234967	RP11-347D21.1	lincRNA	47950799	-21226	21226	proximal	1.8430771	2.195701589989633e-05
chr16:85602000-85602499	chr16	85602000	85602499	85602249	ENSG00000131149	GSE1	protein_coding	85611409	-9160	9160	proximal	-1.1231498	2.195701589989633e-05
chr10:457710-458209	chr10	457710	458209	457959	ENSG00000233021	RP11-490E15.2	antisense	437561	20398	20398	proximal	-1.7375218	2.195701589989633e-05
chr20:53611404-53611903	chr20	53611404	53611903	53611653	ENSG00000171940	ZNF217	protein_coding	53609907	1746	1746	promoter	1.3434458	2.195701589989633e-05
chr8:22559752-22560251	chr8	22559752	22560251	22560001	ENSG00000254230	RP11-582J16.3	antisense	22567171	-7170	7170	proximal	1.5966399	2.203395088113464e-05
chr7:91239234-91239733	chr7	91239234	91239733	91239483	ENSG00000157240	FZD1	protein_coding	91264364	-24881	24881	proximal	1.750452	2.2034124904278224e-05
chr2:56741422-56741921	chr2	56741422	56741921	56741671	ENSG00000231570	AC008173.1	processed_pseudogene	56750300	-8629	8629	proximal	2.0556593	2.2034124904278224e-05
chr2:109288978-109289477	chr2	109288978	109289477	109289227	ENSG00000265965	MIR4266	miRNA	109313625	-24398	24398	proximal	-2.437562	2.2106068469813e-05
chr10:32139236-32139735	chr10	32139236	32139735	32139485	ENSG00000234811	RP11-241I20.5	processed_pseudogene	32111789	27696	27696	proximal	1.042824	2.215263005157365e-05
chr21:43921978-43922477	chr21	43921978	43922477	43922227	ENSG00000199598	RNU6-859P	snRNA	43919901	2326	2326	proximal	-1.9030721	2.217079624424363e-05
chr1:59367592-59368091	chr1	59367592	59368091	59367841	ENSG00000172456	FGGY	protein_coding	59296638	71203	71203	distal_unlinked	1.9550811	2.246859336374382e-05
chr15:92083155-92083654	chr15	92083155	92083654	92083404	ENSG00000258761	RP11-24J19.1	antisense	92172436	-89032	89032	distal_unlinked	-2.2218988	2.2500456034972407e-05
chr1:233112940-233113439	chr1	233112940	233113439	233113189	ENSG00000135778	NTPCR	protein_coding	232950605	162584	162584	distal_unlinked	1.832186	2.2500456034972407e-05
chr8:69643898-69644397	chr8	69643898	69644397	69644147	ENSG00000222889	RN7SKP29	misc_RNA	69700224	-56077	56077	distal_unlinked	2.917825	2.267114819570304e-05
chr21:34770522-34771021	chr21	34770522	34771021	34770771	ENSG00000234380	LINC01426	antisense	34745757	25014	25014	proximal	1.8272367	2.3089925038614778e-05
chr2:127052140-127052639	chr2	127052140	127052639	127052389	ENSG00000260634	RP11-521O16.1	lincRNA	127025723	26666	26666	proximal	-1.4498949	2.333340365257824e-05
chr19:48466517-48467016	chr19	48466517	48467016	48466766	ENSG00000268465	CTC-273B12.7	protein_coding	48465837	929	929	promoter	1.3375733	2.335500655689857e-05
chr19:40266147-40266646	chr19	40266147	40266646	40266396	ENSG00000205041	CTC-425O23.2	sense_intronic	40275479	-9083	9083	proximal	-1.8761642	2.3742659370797336e-05
chr20:53032590-53033089	chr20	53032590	53033089	53032839	ENSG00000252629	AL050316.1	miRNA	53062617	-29778	29778	proximal	2.5960045	2.3742659370797336e-05
chr12:12901365-12901864	chr12	12901365	12901864	12901614	ENSG00000013588	GPRC5A	protein_coding	12890782	10832	10832	proximal	2.6576986	2.3745630559807365e-05
chr14:102870907-102871406	chr14	102870907	102871406	102871156	ENSG00000206969	RNU6-1316P	snRNA	102865856	5300	5300	proximal	-1.5051663	2.42746051290322e-05
chr8:102725249-102725748	chr8	102725249	102725748	102725498	ENSG00000266799	AP003356.1	miRNA	102733719	-8221	8221	proximal	-1.9804608	2.42746051290322e-05
chr7:98420946-98421445	chr7	98420946	98421445	98421195	ENSG00000006453	BAIAP2L1	protein_coding	98401068	20127	20127	proximal	1.2980107	2.42746051290322e-05
chr10:126397964-126398463	chr10	126397964	126398463	126398213	ENSG00000148848	ADAM12	protein_coding	126388455	9758	9758	proximal	2.3891973	2.42746051290322e-05
chr8:128167768-128168267	chr8	128167768	128168267	128168017	ENSG00000221261	MIR1208	miRNA	128150116	17901	17901	proximal	1.1601721	2.42746051290322e-05
chr17:50670934-50671433	chr17	50670934	50671433	50671183	ENSG00000262967	RP11-294J22.6	antisense	50693448	-22265	22265	proximal	1.5458688	2.436063459339266e-05
chr2:161990642-161991141	chr2	161990642	161991141	161990891	ENSG00000234732	RPEP5	processed_pseudogene	161931466	59425	59425	distal_unlinked	1.5218697	2.462553696653811e-05
chr14:103140658-103141157	chr14	103140658	103141157	103140907	ENSG00000259374	RP11-736N17.4	transcribed_processed_pseudogene	103139675	1232	1232	promoter	-1.3992823	2.4674219006862112e-05
chr13:30125589-30126088	chr13	30125589	30126088	30125838	ENSG00000224511	LINC00365	lincRNA	30108875	16963	16963	proximal	1.9224246	2.4674219006862112e-05
chr22:35191375-35191874	chr22	35191375	35191874	35191624	ENSG00000243453	COX7BP1	processed_pseudogene	35194942	-3318	3318	proximal	2.3615248	2.4930580078722585e-05
chr10:14397029-14397528	chr10	14397029	14397528	14397278	ENSG00000278100	Metazoa_SRP	misc_RNA	14391875	5403	5403	proximal	2.7078142	2.53761633646232e-05
chr2:109279275-109279774	chr2	109279275	109279774	109279524	ENSG00000228551	SNRPGP9	processed_pseudogene	109251422	28102	28102	proximal	-1.7588813	2.594377646176655e-05
chr1:9503208-9503707	chr1	9503208	9503707	9503457	ENSG00000235263	RP13-392I16.1	lincRNA	9503471	-14	14	promoter	-2.0934262	2.595127797627684e-05
chr1:239815974-239816473	chr1	239815974	239816473	239816223	ENSG00000234601	CHRM3-AS1	antisense	239899872	-83649	83649	distal_unlinked	2.5405366	2.6004348710189868e-05
chr16:81546710-81547209	chr16	81546710	81547209	81546959	ENSG00000277255	MIR7854	miRNA	81533902	13057	13057	proximal	-1.2261611	2.6007110881021145e-05
chr12:229310-229809	chr12	229310	229809	229559	ENSG00000111181	SLC6A12	protein_coding	214570	14989	14989	proximal	-1.896575	2.6007110881021145e-05
chr12:118307593-118308092	chr12	118307593	118308092	118307842	ENSG00000278227	AC026367.1	miRNA	118368464	-60622	60622	distal_unlinked	1.6195962	2.6054236119586917e-05
chr11:35276355-35276854	chr11	35276355	35276854	35276604	ENSG00000255004	RP1-68D18.3	antisense	35281813	-5209	5209	proximal	1.8701007	2.640120936958041e-05
chr5:5340277-5340776	chr5	5340277	5340776	5340526	ENSG00000251568	ALG3P1	processed_pseudogene	5376836	-36310	36310	proximal	1.2929969	2.655142631552841e-05
chr7:94698249-94698748	chr7	94698249	94698748	94698498	ENSG00000232385	RPS3AP25	processed_pseudogene	94695819	2679	2679	proximal	1.910431	2.7189523531343057e-05
chr11:8258767-8259266	chr11	8258767	8259266	8259016	ENSG00000166407	LMO1	protein_coding	8268716	-9700	9700	proximal	2.1076946	2.7189523531343057e-05
chr10:77820386-77820885	chr10	77820386	77820885	77820635	ENSG00000228748	RP13-39P12.3	antisense	77782866	37769	37769	proximal	2.873009	2.7189523531343057e-05
chrX:16836379-16836878	chrX	16836379	16836878	16836628	ENSG00000230180	CTD-2542O7.2	processed_pseudogene	16803233	33395	33395	proximal	1.8291118	2.7189523531343057e-05
chr19:28990388-28990887	chr19	28990388	28990887	28990637	ENSG00000252272	RNA5SP470	rRNA	29001670	-11033	11033	proximal	-1.9227822	2.7189523531343057e-05
chr15:75067116-75067615	chr15	75067116	75067615	75067365	ENSG00000138621	PPCDC	protein_coding	75023555	43810	43810	proximal	1.5368872	2.7189523531343057e-05
chr14:29846705-29847204	chr14	29846705	29847204	29846954	ENSG00000252686	RNU6-1234P	snRNA	29811916	35038	35038	proximal	-1.5226693	2.7189523531343057e-05
